FECHA;PRECIP;TMAX;TMIN;TMEAN;DIAS_FALTANTES;PET;D;SPI_3;SPI_12;SPEI_3;SPEI_12
1991-01-01;0.0;26.112903225806452;12.03225806451613;19.072580645161292;0;58.75696583215413;-58.75696583215413;;;;
1991-02-01;0.0;27.267857142857142;12.821428571428571;20.044642857142858;0;60.52762279438195;-60.52762279438195;;;;
1991-03-01;0.0;26.451612903225808;12.14516129032258;19.298387096774192;0;60.61475101298339;-60.61475101298339;-1.1107716166367854;;-0.40740291758243513;
1991-04-01;0.0;27.916666666666668;13.033333333333333;20.475;0;68.59880414192416;-68.59880414192416;-0.8416212335729142;;-0.10277182593079397;
1991-05-01;0.0;28.451612903225808;16.451612903225808;22.451612903225808;0;90.45049099992164;-90.45049099992164;-1.1107716166367854;;0.26369988518390375;
1991-06-01;171.5;29.683333333333334;20.033333333333335;24.858333333333334;0;114.58683396794962;56.913166032050384;-0.3523502308496355;;-0.26116121001832915;
1991-07-01;234.7;30.274193548387096;20.193548387096776;25.233870967741936;0;123.19629940837373;111.50370059162626;-1.6072245419020652;;-1.312136208872418;
1991-08-01;174.7;30.79032258064516;20.241935483870968;25.516129032258064;0;126.87451336621959;47.8254866337804;-2.198872623585326;;-1.8390080635616706;
1991-09-01;120.6;31.15;20.2;25.674999999999997;0;124.81402850318538;-4.214028503185389;-2.4397246355206073;;-2.155583376137362;
1991-10-01;179.6;30.612903225806452;18.758064516129032;24.685483870967744;0;116.24131069666804;63.35868930333196;-2.3954908103543175;;-2.2887197168691715;
1991-11-01;41.4;28.666666666666668;15.9;22.283333333333335;0;85.80823038609353;-44.40823038609353;-1.3664171404887064;;-1.0713198065483789;
1991-12-01;118.5;27.096774193548388;15.435483870967742;21.266129032258064;0;78.36139363435703;40.13860636564297;1.2776027449853868;-2.5833766925850954;1.4613115422702792;-2.4206784695166146
1992-01-01;331.26;23.903225806451612;14.435483870967742;19.169354838709676;0;58.21409083772894;273.0459091622711;2.0534572864816028;-1.5703467708403924;2.033391990134169;-1.0973426800296104
1992-02-01;56.04;25.43103448275862;12.10344827586207;18.767241379310345;0;51.41117595243672;4.628824047563278;2.6457982740736607;-1.4399789003568186;2.4116291661166764;-0.7812502723620146
1992-03-01;18.69;28.016129032258064;14.306451612903226;21.161290322580644;0;76.1449398041129;-57.4549398041129;2.441311817886247;-1.1788430279591957;2.1031872317573717;-0.7490663698458045
1992-04-01;7.5;28.1;14.283333333333333;21.191666666666666;0;73.97630350012663;-66.47630350012663;1.7506911540676848;0.01351219790283482;1.0920862689165802;-0.7123293316311592
1992-05-01;11.72;29.838709677419356;17.35483870967742;23.596774193548388;0;102.36205830676467;-90.64205830676467;0.9177385261833316;-1.2364332187511826;0.3741489839404606;-0.7260894618691904
1992-06-01;326.24;31.033333333333335;21.766666666666666;26.4;0;134.37232301470118;191.86767698529883;0.7334497590543536;-0.37283878426195416;0.6829698247997777;0.13176671995920217
1992-07-01;418.79;30.06451612903226;20.338709677419356;25.201612903225808;0;122.39177209630539;296.39822790369465;0.7074429900004845;0.11717728815393502;0.8447713156899715;0.530514484692995
1992-08-01;555.51;30.35483870967742;20.080645161290324;25.217741935483872;0;122.60463963602585;432.9053603639741;1.0456566030711312;1.3647500947182447;1.1881853830846487;1.612926002716339
1992-09-01;220.57;30.483333333333334;20.283333333333335;25.383333333333333;0;120.77769563059404;99.79230436940595;-0.1080153008512459;1.2559528232570767;0.07949713667740606;1.4912731313727412
1992-10-01;123.57;30.79032258064516;18.822580645161292;24.806451612903224;0;117.24924429132872;6.320755708671271;-0.25869708474895614;1.2911235339196692;0.014223251468458866;1.5245745968949094
1992-11-01;10.57;29.383333333333333;15.666666666666666;22.525;0;87.31065917485088;-76.74065917485089;-1.2323099114713036;1.4470336233080288;-0.9823732082499465;1.43086774017506
1992-12-01;137.26;27.661290322580644;14.790322580645162;21.225806451612904;0;76.77712077387876;60.48287922612123;0.7259677714643367;1.4664671484293097;0.9685395177566611;1.549749540229599
1993-01-01;36.37;26.661290322580644;12.709677419354838;19.68548387096774;0;64.62522734945092;-28.255227349450927;1.137125751700959;0.6304101401656345;1.1944505809827828;0.921061679859765
1993-02-01;0.28;26.410714285714285;10.892857142857142;18.651785714285715;0;50.71957580897317;-50.43957580897317;1.4208732664389954;0.4237177568953675;1.3459058174015177;0.837668544837304
1993-03-01;0.26;27.451612903225808;11.451612903225806;19.451612903225808;0;62.64423835188581;-62.38423835188581;0.24287696358590793;0.37203320723207567;0.27436978449017996;0.7978991247575707
1993-04-01;0.25;27.633333333333333;12.116666666666667;19.875;0;64.12110091019332;-63.87110091019332;-0.05288486128177212;0.04792621974970701;0.18626398124308935;0.7902885608541471
1993-05-01;0.18;28.258064516129032;14.96774193548387;21.612903225806452;0;82.42847921351179;-82.24847921351179;-0.5332386669118484;0.2577416521027529;0.5016466442662809;0.8122911124871515
1993-06-01;307.66;29.433333333333334;19.316666666666666;24.375;0;109.1182867889773;198.54171321102274;0.5412829560548693;0.27940402596184966;0.7873481163449944;0.8026225513274918
1993-07-01;442.28000000000003;30.14516129032258;20.161290322580644;25.153225806451612;0;122.37512929733815;319.90487070266187;0.6648644259721047;0.22377278774883358;1.0389516476701157;0.8229715026062402
1993-08-01;334.87;30.774193548387096;20.14516129032258;25.45967741935484;0;126.29703525040581;208.57296474959418;0.11506412144939115;-0.5792253053766647;0.33120493394007444;-0.03932196611919727
1993-09-01;252.48;30.966666666666665;20.066666666666666;25.516666666666666;0;122.93689514839355;129.54310485160644;-0.6095266792885011;-0.25399160452749625;-0.4789057300860037;0.14855809144621213
1993-10-01;31.419999999999998;31.096774193548388;19.451612903225808;25.274193548387096;0;123.91414679147606;-92.49414679147606;-1.5188924493572888;-0.7687412876658384;-1.426661219044639;-0.1757151709174237
1993-11-01;9.35;29.483333333333334;16.05;22.766666666666666;0;91.34256925110564;-81.99256925110565;-2.0548030228618885;-0.9924105012918565;-1.439202641778849;-0.12347414435470797
1993-12-01;0.19;28.016129032258064;13.483870967741936;20.75;0;74.12805540709618;-73.93805540709619;-1.4171252957013099;-1.2262543126705445;-1.2001801178570761;-0.6802417360429414
1994-01-01;0.31;27.096774193548388;11.935483870967742;19.516129032258064;0;61.55462352801097;-61.24462352801097;-0.2279974675754496;-1.5398967251901166;-0.7557094603760164;-0.9270511984392016
1994-02-01;0.27;26.75;11.375;19.0625;0;52.18633434415798;-51.916334344157974;-0.863031204687599;-1.650822391668366;-0.837123767277342;-1.0905129382932053
1994-03-01;0.27;27.129032258064516;12.629032258064516;19.879032258064516;0;64.68513430290741;-64.41513430290742;-0.8663388652660584;-1.4429816617570606;-0.3573662487501843;-0.9918936600072205
1994-04-01;0.22;27.6;13.633333333333333;20.616666666666667;0;69.05057039902259;-68.83057039902259;-0.05983856443623146;0.006840812141840063;0.0029172303927380034;-0.9895819636645277
1994-05-01;0.25;29.35483870967742;16.241935483870968;22.798387096774192;0;93.54687023976109;-93.29687023976109;-0.5200636229799513;-1.5995404798631228;0.10974976561722642;-1.0615038605560354
1994-06-01;191.78;30.1;20.366666666666667;25.233333333333334;0;118.97247720448166;72.80752279551834;-0.18817644402747247;-2.1056754068808434;-0.16418018273632748;-1.8645876609079703
1994-07-01;514.25;30.774193548387096;20.338709677419356;25.556451612903224;0;127.22288485254087;387.02711514745914;0.38220429805664835;-1.60580275939177;0.6756909776478807;-1.1847531032738463
1994-08-01;349.7;30.419354838709676;20.032258064516128;25.225806451612904;0;122.83951542350276;226.86048457649724;-0.012935724716880327;-1.5408334494123115;0.13928732923425;-1.0949395309973622
1994-09-01;217.85;32.7;20.4;26.55;0;136.4339608305611;81.4160391694389;-0.4469576592922294;-2.37370616020257;-0.353936666941032;-1.2027036445009558
1994-10-01;103.04;30.580645161290324;19.016129032258064;24.798387096774192;0;117.31559084407701;-14.275590844077001;-1.2521025515553181;-2.107841463945958;-1.1572721705109843;-1.1011409271618562
1994-11-01;97.72999999999999;29.533333333333335;16.816666666666666;23.175;0;94.61223074581657;3.1177692541834148;-0.7174263671384192;-1.406371027893834;-0.7372682694041279;-0.7148733906402182
1994-12-01;13.780000000000001;27.677419354838708;14.161290322580646;20.919354838709676;0;74.2079592916062;-60.4279592916062;0.24087423757272905;-0.9667746874439495;0.4521984545857496;-0.530033314112825
1995-01-01;22.34;26.5;12.564516129032258;19.532258064516128;0;62.251655058721475;-39.91165505872148;0.9102682871411317;-0.9941015169463716;0.8851762183416034;-0.3879964544456436
1995-02-01;0.25;28.535714285714285;13.696428571428571;21.116071428571427;0;69.19788332688414;-68.94788332688414;0.35078071178579157;-1.0822542539492155;-0.41109406984092944;-0.5745096714462254
1995-03-01;0.28;26.838709677419356;12.741935483870968;19.79032258064516;0;64.46542426048782;-64.18542426048782;0.0015246791477080107;-0.9273731937155576;-0.2637584850513505;-0.6053842278937849
1995-04-01;0.23;27.283333333333335;13.216666666666667;20.25;0;66.31851231451364;-66.08851231451364;-0.05983856443623146;0.018581984017173352;-0.3366691145498772;-0.5676765938415221
1995-05-01;1.9000000000000001;28.129032258064516;17.032258064516128;22.58064516129032;0;91.58614501909668;-89.68614501909667;-0.2528246418056845;-1.0409618396162783;0.25718267952888835;-0.5621448707542942
1995-06-01;126.92;29.716666666666665;20.383333333333333;25.049999999999997;0;116.83706504405825;10.082934955941752;-0.7453285440337561;-1.0910192363599054;-0.5980431873160008;-0.583912580387397
1995-07-01;285.38;30.129032258064516;20.887096774193548;25.508064516129032;0;126.69876797607346;158.68123202392655;-1.552889090189284;-2.0446341323272987;-1.3039953277608025;-1.766482218841358
1995-08-01;664.37;30.096774193548388;21.016129032258064;25.556451612903224;0;127.33962000045912;537.0303799995409;0.07929797748217114;-0.8664286050839249;0.23047878065216248;-0.5573798178237954
1995-09-01;1076.54;30.916666666666668;20.666666666666668;25.791666666666668;0;126.27454524167996;950.26545475832;1.9810418203679547;1.4389269979213402;1.872844342528415;1.6640385812854244
1995-10-01;69.17;31.0;17.85483870967742;24.42741935483871;0;112.90737377382031;-43.73737377382031;2.3563805327375547;1.5473895351921723;1.988128002525045;1.7414441662576263
1995-11-01;25.97;29.166666666666668;16.05;22.608333333333334;0;88.92137996684595;-62.95137996684595;1.862272203348998;1.7013638206697403;2.002941180099121;1.5738887844655147
1995-12-01;5.77;26.387096774193548;12.806451612903226;19.596774193548388;0;62.80057257670136;-57.03057257670136;-0.8097357273937845;1.6621354458553141;-0.41484483568723435;1.7017185237616677
1996-01-01;0.27;25.70967741935484;10.451612903225806;18.080645161290324;0;51.09428457914556;-50.824284579145555;0.16708995552225667;1.8745673341502347;0.15478115020638034;1.5037818127795344
1996-02-01;0.74;26.810344827586206;12.672413793103448;19.741379310344826;0;60.28212098195186;-59.54212098195186;-0.32809454198421784;2.035189969743402;-0.37039862057749146;1.5928566457729116
1996-03-01;0.25;26.870967741935484;13.129032258064516;20.0;0;66.69280519374594;-66.44280519374594;-0.8127592481918805;1.9141612440178386;-0.3411599122399246;1.7851583103238542
1996-04-01;0.22;27.9;14.316666666666666;21.108333333333334;0;74.42091393191095;-74.20091393191095;0.028146557541905357;0.08492716088140834;-0.36160816678298324;1.7215619786438385
1996-05-01;48.06;29.161290322580644;18.64516129032258;23.903225806451612;0;106.79279372200321;-58.73279372200321;1.0887821154726458;2.1371062123628968;0.6843811022106289;1.7716196899186731
1996-06-01;125.16999999999999;29.65;20.55;25.1;0;117.5792114741456;7.590788525854393;-0.33627968395715196;1.596794167018012;-0.4395360753840242;1.4166825199003323
1996-07-01;367.99;29.85483870967742;20.403225806451612;25.129032258064516;0;121.86998104203703;246.120018957963;-0.6999331637117042;2.1461534201591537;-0.4504941989011652;1.8563781604509975
1996-08-01;543.59;30.43548387096774;20.177419354838708;25.306451612903224;0;124.15536339974673;419.43463660025327;-0.09681943976644347;1.616445512296018;0.0743895824774542;1.8924864693319166
1996-09-01;398.2;31.65;19.833333333333332;25.741666666666667;0;125.68422491389069;272.51577508610933;0.2196124013130244;-0.4747292019245468;0.4066736760696922;-0.1352271006560555
1996-10-01;175.32;29.258064516129032;19.129032258064516;24.193548387096776;0;110.25225246931316;65.06774753068683;0.5044559128554474;-0.16208222775081724;0.7611157189994544;0.2837629867152803
1996-11-01;18.720000000000002;29.483333333333334;15.5;22.491666666666667;0;88.00229371030241;-69.28229371030241;0.1856981632402875;-0.37325350690803777;0.32565314971348724;0.3563889407216251
1996-12-01;0.29;26.758064516129032;12.709677419354838;19.733870967741936;0;64.37480805041872;-64.08480805041872;0.06232782148074754;-0.31281926307488517;0.4814427253011175;0.27522686672388913
1997-01-01;86.44;24.338709677419356;10.209677419354838;17.274193548387096;0;44.90192965207549;41.53807034792451;0.7582279647159981;0.02007802073570348;0.9223027168307951;0.6588953506440878
1997-02-01;9.77;25.160714285714285;11.089285714285714;18.125;0;46.09266032389499;-36.32266032389499;0.9444811472154571;0.03329779542169138;1.0623903018402387;0.7485643934498664
1997-03-01;28.47;27.096774193548388;12.693548387096774;19.89516129032258;0;65.39437578027241;-36.92437578027241;1.0949773154830682;0.19473457437696856;1.25517546897584;0.797564527794287
1997-04-01;81.8;26.2;14.533333333333333;20.366666666666667;0;67.35547749766806;14.444522502331935;2.0865088670089627;0.05169967410937992;1.6570429205264443;1.0245748929004557
1997-05-01;9.27;30.241935483870968;15.935483870967742;23.088709677419356;0;97.18630524441775;-87.91630524441776;1.8817246598301356;0.3191040582953923;1.9645835566046523;0.947106019083421
1997-06-01;246.95000000000002;29.733333333333334;20.833333333333332;25.28333333333333;0;119.76106163358143;127.18893836641858;0.6963877441366931;0.7418833536711645;0.794830398748971;1.0724013060348787
1997-07-01;181.35;31.241935483870968;20.64516129032258;25.943548387096776;0;132.5410634454332;48.8089365545668;-1.3945850385265355;0.027756450878514794;-1.2379641531128673;0.6533528674203435
1997-08-01;134.33;32.83870967741935;20.258064516129032;26.548387096774192;0;140.924879842751;-6.5948798427509985;-2.286902529779753;-1.4646910456574798;-1.9906972810921963;-0.9636103078088332
1997-09-01;498.65;32.11666666666667;20.95;26.53333333333333;0;136.17320474370675;362.47679525629326;-1.3292294715251918;-0.991162448540474;-1.3371000575990055;-0.5343931286188833
1997-10-01;215.23;31.612903225806452;18.693548387096776;25.153225806451616;0;122.06547872452708;93.16452127547291;-0.46097263010489664;-1.0097484810675623;-0.37634815336283106;-0.49453807530627164
1997-11-01;91.75;29.55;15.35;22.45;0;87.2850934157063;4.464906584293701;0.932442738557555;-0.8344187046299752;1.08039239615991;-0.10109175251909412
1997-12-01;5.46;27.79032258064516;13.241935483870968;20.516129032258064;0;70.96831772887322;-65.50831772887322;1.0619837972839017;-0.6193829554036165;1.279237282457956;-0.12139180226372906
1998-01-01;0.23;26.741935483870968;13.435483870967742;20.088709677419356;0;65.98935273120362;-65.75935273120362;0.7108057252262654;-1.0277298343985535;0.6503018502929676;-0.5327070107305508
1998-02-01;19.79;25.303571428571427;12.714285714285714;19.00892857142857;0;51.278533944381735;-31.488533944381736;0.17799178343884653;-1.0744493136248967;-0.2738161641852156;-0.6040841886149568
1998-03-01;0.21;25.725806451612904;14.741935483870968;20.233870967741936;0;67.29584153347403;-67.08584153347404;-0.053796331705083314;-1.0304096466950232;-0.09736398820848517;-0.7795712007960682
1998-04-01;6.430000000000001;26.25;16.5;21.375;0;75.61831069289879;-69.18831069289878;1.0163055193252646;0.009523112428237588;0.36350459488151826;-1.1823269900031987
1998-05-01;0.01;27.629032258064516;16.596774193548388;22.112903225806452;0;85.70420507602583;-85.69420507602582;0.06332034776102274;-1.5120260235334693;0.21270618449324818;-1.1860347212362954
1998-06-01;161.04000000000002;30.433333333333334;22.3;26.366666666666667;0;133.91147631330625;27.128523686693768;-0.3859418204471992;-1.7883130260130509;-0.4582332477232409;-1.8401749344206033
1998-07-01;560.71;30.06451612903226;21.516129032258064;25.79032258064516;0;130.293427122913;430.41657287708705;0.48223450314516614;-0.28422336181112234;0.7054083430374485;0.0997059012274688
1998-08-01;286.53;30.225806451612904;21.43548387096774;25.83064516129032;0;130.84886070073202;155.68113929926795;-0.2231550275714172;0.23101338595423906;-0.21260525233767094;0.5338071959457416
1998-09-01;987.01;28.933333333333334;21.366666666666667;25.15;0;117.74736524161369;869.2626347583863;1.5479003361138965;1.3405114717892912;1.5722610960292926;1.5739477563815942
1998-10-01;135.52;29.612903225806452;21.274193548387096;25.443548387096776;0;125.57820113443977;9.941798865560244;1.3653544840428609;1.34226708997516;1.3980606779137474;1.567724268814624
1998-11-01;3.18;28.7;17.95;23.325;0;95.91080827807421;-92.7308082780742;1.7600983184401824;1.3491211984918732;1.8973664506010848;1.3731393874561513
1998-12-01;0.21;25.596774193548388;14.790322580645162;20.193548387096776;0;66.93130165989668;-66.72130165989668;-0.4450381598500827;1.2840748766958514;-0.27828119548190206;1.4378073503160311
1999-01-01;0.29;25.29032258064516;12.048387096774194;18.669354838709676;0;56.705346480095336;-56.41534648009534;-0.4652207365878421;1.523110716786118;-0.7201671374854333;1.341595362766335
1999-02-01;0.25;25.160714285714285;13.0;19.080357142857142;0;54.18179132073788;-53.93179132073788;-0.8679270161601057;1.5602732657874343;-0.5873140735791266;1.3793201328417162
1999-03-01;9.23;25.274193548387096;13.161290322580646;19.217741935483872;0;61.10925094143354;-51.87925094143354;-0.33556354485004597;1.513660875012566;-0.05957947106627237;1.5326290835089456
1999-04-01;0.18;26.35;14.883333333333333;20.616666666666667;0;70.90976109167369;-70.72976109167368;0.5852679395135122;0.07485000358981463;0.18945971426559582;1.4877837665667144
1999-05-01;0.04;27.79032258064516;17.35483870967742;22.57258064516129;0;92.60654476879388;-92.56654476879388;0.19781925281093798;1.5126793503192488;0.3612457153369581;1.476323650495789
1999-06-01;404.81;29.0;21.016666666666666;25.008333333333333;0;116.78252030576056;288.02747969423945;1.0120913521292558;1.7932395758573798;1.1718863183813126;1.49923580481961
1999-07-01;440.03;29.096774193548388;21.161290322580644;25.129032258064516;0;122.18573319952903;317.84426680047096;1.2692934203909303;1.7437856800971252;1.3801294626509786;1.6815578058813736
1999-08-01;307.6;29.06451612903226;21.0;25.032258064516128;0;120.97375731429361;186.62624268570642;0.41034719678361103;1.6953733713644166;0.6353098523658213;1.9797330107224018
1999-09-01;374.1;28.8;21.366666666666667;25.083333333333336;0;117.68950493014088;256.41049506985917;-0.32524586349544543;-0.15586283599934148;-0.13795565662795242;0.19342776836919273
1999-10-01;54.4;29.725806451612904;20.112903225806452;24.91935483870968;0;119.56913322078299;-65.16913322078298;-0.9408466852603843;-0.5684918929524663;-0.7189575340384852;-0.022029532687912506
1999-11-01;0.0;29.183333333333334;16.2;22.691666666666666;0;90.84585095077198;-90.84585095077198;-0.6514795549695749;-0.8011029374362943;-0.5605491072384992;0.07455091088992549
1999-12-01;0.0;25.612903225806452;13.0;19.306451612903224;0;61.84068697558624;-61.84068697558624;-1.2772578914141755;-0.6143453777770856;-0.925306467262541;0.054415122796972706
2000-01-01;0.0;25.177419354838708;12.580645161290322;18.879032258064516;0;57.14272216296421;-57.14272216296421;-1.089661981946107;-0.6727088981714107;-0.5661782945247075;0.17378672622427402
2000-02-01;0.0;25.74137931034483;13.431034482758621;19.586206896551726;0;58.922130061676455;-58.922130061676455;-1.4835398594012967;-0.7447053711972955;-0.6071473133275606;0.13295699066834016
2000-03-01;0.0;25.112903225806452;13.483870967741936;19.298387096774192;0;60.56488435166182;-60.56488435166182;-1.1107716166367854;-0.6566727546426091;-0.3373889456757682;-0.009243644150201761
2000-04-01;0.0;26.95;14.516666666666667;20.733333333333334;0;70.86685863673769;-70.86685863673769;-0.8416212335729142;0.02476435370329795;-0.11726924321886953;0.0018315412091485471
2000-05-01;91.5;28.048387096774192;17.35483870967742;22.701612903225808;0;93.10217673302989;-1.6021767330298928;1.6144818184371732;-0.3832631085935249;1.7091499973449862;0.3495660726427813
2000-06-01;386.8;28.9;21.283333333333335;25.09166666666667;0;117.43862462048138;269.3613753795186;1.3191963339852921;-0.24945358771692258;1.495337452690863;0.4198526963503398
2000-07-01;492.3;30.112903225806452;20.677419354838708;25.39516129032258;0;125.27802744318687;367.0219725568131;2.057880126594004;-0.2375933254151171;1.8155539493004094;0.39728244662745793
2000-08-01;169.9;30.516129032258064;21.048387096774192;25.782258064516128;0;130.39727456441736;39.50272543558265;-0.0426485922217201;-0.740610952066365;0.08752545003004691;-0.2746763579467194
2000-09-01;599.4;29.65;21.183333333333334;25.416666666666664;0;121.50879476291978;477.8912052370802;0.08417035806926272;0.19693177724199828;0.24899697952366603;0.5220339276216773
2000-10-01;193.5;29.806451612903224;20.370967741935484;25.088709677419352;0;121.31538764023779;72.18461235976221;-0.023052590791491218;0.5976333278118491;0.21195452628891304;0.9961548987202024
2000-11-01;3.0;27.216666666666665;17.166666666666668;22.191666666666666;0;84.83941487861898;-81.83941487861898;0.9029767541209852;0.6058948481512706;1.1067846272613466;1.0506953614153536
2000-12-01;19.0;26.483870967741936;15.0;20.741935483870968;0;73.30955018957543;-54.30955018957543;0.2491819051397273;0.6147235818509286;0.5197465495010231;1.06593308307819
2001-01-01;64.0;25.14516129032258;14.887096774193548;20.016129032258064;0;66.26754677071932;-2.2675467707193206;0.6386122076632252;0.9963936355473141;0.5401329676838101;1.1491327186267455
2001-02-01;0.0;25.571428571428573;13.464285714285714;19.517857142857142;0;55.955912007005985;-55.955912007005985;0.8388875340780722;1.0574707662297271;0.5279827008073358;1.214585355082722
2001-03-01;0.5;24.467741935483872;13.129032258064516;18.798387096774192;0;56.036074638738896;-55.536074638738896;0.5844472843309382;1.0223397906833447;0.6105283456966469;1.298588343204063
2001-04-01;0.0;25.9;14.633333333333333;20.266666666666666;0;66.297077772994;-66.297077772994;-0.13112399370584701;0.06380094577502005;0.1634323295527189;1.2749753275362483
2001-05-01;1.3;27.758064516129032;18.225806451612904;22.991935483870968;0;95.9696304604153;-94.6696304604153;-0.3275310400236116;0.6599313271295392;0.3326533701365403;1.0582742278433017
2001-06-01;84.0;28.216666666666665;21.083333333333332;24.65;0;111.86486833847547;-27.864868338475475;-1.2911743736476973;-0.3505975931671737;-0.9367754834478531;0.2890592069520115
2001-07-01;462.6;29.93548387096774;20.887096774193548;25.411290322580644;0;125.38012185478634;337.21987814521367;-0.6555736725910077;-0.6364163933407189;-0.3080523267498955;-0.04155063768201153
2001-08-01;309.9;30.43548387096774;21.322580645161292;25.879032258064516;0;131.64161944142398;178.258380558576;-0.907324208427337;-0.14530815931480487;-0.7929670737073872;0.31440629615458776
2001-09-01;341.4;29.816666666666666;21.25;25.53333333333333;0;122.89884934460558;218.50115065539438;-0.3489335105275416;-0.9495575328680511;-0.22585905843365395;-0.5017481624695134
2001-10-01;128.5;30.596774193548388;19.806451612903224;25.201612903225808;0;122.6349807899424;5.865019210057596;-0.7467148666564731;-1.7773671723940043;-0.5965973682375064;-0.8914038618727894
2001-11-01;0.0;29.683333333333334;17.2;23.441666666666666;0;97.80735140108125;-97.80735140108125;-0.40068947122298476;-1.7968440296973212;-0.41054789486436233;-1.0908950442170093
2001-12-01;0.0;26.112903225806452;14.919354838709678;20.516129032258064;0;70.78326663871597;-70.78326663871597;-0.5435057474345137;-1.3089603930031064;-0.4053052440633285;-0.9034092602841769
2002-01-01;0.0;25.822580645161292;12.693548387096774;19.258064516129032;0;58.26073145264951;-58.26073145264951;-1.089661981946107;-1.7557606201779148;-1.0483031124489341;-1.5158880107137116
2002-02-01;104.5;26.125;14.410714285714286;20.267857142857142;0;60.57341517310444;43.92658482689556;1.0027303850967408;-1.4209975070329288;0.8302507287486284;-0.8964745066335728
2002-03-01;0.0;26.35483870967742;14.5;20.42741935483871;0;68.52712572755897;-68.52712572755897;0.9448851165267927;-1.2366610472516084;0.9019847540031419;-0.9143801480509104
2002-04-01;0.0;26.966666666666665;16.55;21.758333333333333;0;78.9033724014842;-78.9033724014842;1.9567332821224954;0.011529237255282022;1.2667010565314047;-0.9511806680737981
2002-05-01;0.3;28.774193548387096;19.64516129032258;24.20967741935484;0;109.39255739042049;-109.0925573904205;-0.6712618183248842;-1.3828201492721708;-0.605279141292928;-1.0401337894703886
2002-06-01;112.4;28.8;20.65;24.725;0;112.18440501253477;0.21559498746523786;-0.9263417682915938;-1.038754532863908;-0.9285170206030432;-0.6082573482165846
2002-07-01;222.2;30.258064516129032;21.20967741935484;25.733870967741936;0;129.41788666951504;92.78211333048495;-2.0948051534916434;-2.045393381298633;-1.991102063358523;-1.8570934845893905
2002-08-01;585.6;30.612903225806452;20.70967741935484;25.661290322580648;0;128.41537964736656;457.1846203526335;-0.6179655405920217;-1.0084487600166732;-0.5094644878169315;-0.7383477852948572
2002-09-01;471.8;29.983333333333334;21.3;25.641666666666666;0;124.01146795554983;347.78853204445016;0.13508695150502423;-0.3264341986858741;0.2888399875044047;-0.16165869179240533
2002-10-01;169.6;30.258064516129032;20.774193548387096;25.516129032258064;0;126.42523247212682;43.17476752787317;0.8464345986334948;-0.25917028195571556;1.0013426962388394;-0.010520467128271612
2002-11-01;135.5;28.183333333333334;17.55;22.866666666666667;0;90.4698619598822;45.030138040117805;0.8444426726673764;0.1105055241349632;0.9997253649068437;0.5823125352251182
2002-12-01;2.5;26.629032258064516;14.53225806451613;20.580645161290324;0;69.95169801496166;-67.45169801496166;1.0229331577888965;0.11224654439666205;1.1985623822787914;0.5376060473186083
2003-01-01;0.5;27.774193548387096;15.064516129032258;21.419354838709676;0;77.34913908522931;-76.84913908522931;0.9331989923624207;0.17586764828059231;0.8706657724165225;0.5761688366331699
2003-02-01;3.8;26.767857142857142;15.625;21.19642857142857;0;67.84809112578733;-64.04809112578734;-0.3271579121662764;-0.2613263947339465;-1.4736560508604744;0.22058914414447858
2003-03-01;1.5;25.080645161290324;13.629032258064516;19.35483870967742;0;58.2488495722071;-56.7488495722071;-0.49550539113119607;-0.17569327283020336;-0.842938385027052;0.1647121568940476
2003-04-01;0.0;27.65;16.966666666666665;22.30833333333333;0;83.87517193109282;-83.87517193109282;0.3890339609780276;0.03585799993718383;-0.48049892657297977;0.15172888591949876
2003-05-01;0.0;27.967741935483872;18.70967741935484;23.338709677419356;0;98.34354936370538;-98.34354936370538;-0.37111214791456015;-0.2483258723418701;-0.17992672272608176;0.18700381922991346
2003-06-01;346.0;27.533333333333335;21.083333333333332;24.308333333333334;0;106.65299883416972;239.34700116583028;0.7361181793765649;0.6629053901867457;0.8144310406719484;0.8900817645218272
2003-07-01;197.7;30.419354838709676;21.048387096774192;25.733870967741936;0;129.2614182711547;68.43858172884529;-0.6834586760419677;0.5083694555113529;-0.3457509523094913;0.8219815688624407
2003-08-01;367.3;30.612903225806452;20.758064516129032;25.685483870967744;0;128.58246715680855;238.71753284319146;-0.6595551883468213;-0.28884581442000656;-0.5264910723492582;-0.019149319893018886
2003-09-01;309.4;30.216666666666665;21.433333333333334;25.825;0;126.33518303646527;183.06481696353472;-1.1197452450344156;-0.6878852535893686;-1.048654345441546;-0.49081213375155525
2003-10-01;236.7;30.112903225806452;20.322580645161292;25.217741935483872;0;122.1371332932313;114.56286670676869;-0.20626001977777655;-0.5379852659526658;0.0033317971974264797;-0.2539830183262918
2003-11-01;0.0;29.266666666666666;18.833333333333332;24.049999999999997;0;103.51162141467317;-103.51162141467317;-0.015196963744790409;-1.46662090953592;-0.04177320894095569;-1.0347242972279178
2003-12-01;0.0;27.0;14.290322580645162;20.64516129032258;0;69.77783335784277;-69.77783335784277;0.4327451019954472;-1.0597557593871318;0.565603459110056;-0.8076031411453412
2004-01-01;147.3;23.5;14.82258064516129;19.161290322580644;0;57.28979192925933;90.01020807074067;0.9753379361622234;-0.5959780861521295;0.9782002160460684;-0.013050264191305172
2004-02-01;0.0;24.810344827586206;13.086206896551724;18.948275862068964;0;51.96390918896211;-51.96390918896211;1.2752096862652862;-0.6786000751049172;1.259943545521196;0.002433127836062471
2004-03-01;1.5;26.419354838709676;14.435483870967742;20.427419354838708;0;68.36623825222607;-66.86623825222607;1.2564897640290034;-0.5608435536250523;1.2717312832732486;-0.14546658180322142
2004-04-01;10.0;26.383333333333333;16.966666666666665;21.674999999999997;0;77.93304107776791;-67.93304107776791;0.6496277988520593;0.027870538000674377;-0.033507265137683;-0.062010514324369694
2004-05-01;20.4;28.93548387096774;18.79032258064516;23.86290322580645;0;105.03465145851946;-84.63465145851947;0.8075003489265249;-0.5316624411738632;0.2687588546054087;-0.012612715106704742
2004-06-01;352.1;29.416666666666668;21.776666666666664;25.596666666666664;0;123.37753605445634;228.72246394554367;0.9102168435173277;-0.2933013046116967;0.9209201923830842;0.16452130243795374
2004-07-01;244.3;29.64516129032258;21.403225806451612;25.524193548387096;0;126.4954553647224;117.80454463527761;-0.20085082246538496;-0.30178737402529293;0.022659248710693466;0.10644586219776665
2004-08-01;539.2;30.403225806451612;21.483870967741936;25.943548387096776;0;132.3200283397583;406.8799716602417;0.33713136647743686;0.2818735352230173;0.45515511881375537;0.5608519754416423
2004-09-01;524.9;29.666666666666668;21.083333333333332;25.375;0;120.44850147650443;404.45149852349556;0.21577012203504045;0.8583818362416215;0.3809012477896113;1.0758026107559033
2004-10-01;17.6;31.419354838709676;21.161290322580644;26.29032258064516;0;137.26355301510887;-119.66355301510887;0.3887400548204946;0.38484635898262437;0.5649334013149819;0.6167791050500038
2004-11-01;0.0;29.616666666666667;16.966666666666665;23.291666666666664;0;95.06571457679628;-95.06571457679628;-0.03174862973871577;0.3210872425880073;-0.06483479337145943;0.7172864727578756
2004-12-01;6.5;27.06451612903226;14.629032258064516;20.846774193548388;0;72.31378637317349;-65.81378637317349;-1.5958521432365165;0.3110118689210644;-1.4755270478530054;0.6823077594695498
2005-01-01;0.0;27.112903225806452;14.983870967741936;21.048387096774192;0;75.85111267782061;-75.85111267782061;-0.33667900341912954;-0.17057907064718417;-1.421025484182712;0.26547456109474293
2005-02-01;41.7;26.071428571428573;15.714285714285714;20.892857142857142;0;67.16803006239645;-25.46803006239645;0.502188836099885;-0.033332421261339756;-0.36477799465499444;0.35415317134061214
2005-03-01;11.2;25.306451612903224;12.919354838709678;19.112903225806452;0;58.63629445309859;-47.4362944530986;0.4547969052228419;0.06320992389277097;0.16192330842401406;0.3322567411239635
2005-04-01;0.0;28.2;13.933333333333334;21.066666666666666;0;73.5745476872173;-73.5745476872173;1.4236964569407;0.04050079598941579;0.7263748534368422;0.31264483003919125
2005-05-01;3.5;27.548387096774192;16.048387096774192;21.798387096774192;0;83.27989861043264;-79.77989861043264;0.3902388318362827;-0.10301038122271094;0.6567876976819573;0.32481691095475707
2005-06-01;67.6;27.9;20.366666666666667;24.133333333333333;0;105.73899674088631;-38.13899674088631;-1.5282391825081936;-1.0529686901740989;-0.9576822439365904;-0.5654122701847999
2005-07-01;387.9;29.419354838709676;21.79032258064516;25.604838709677416;0;127.95949361605535;259.94050638394464;-1.2499723201010375;-0.6258015940567632;-0.8398937758206666;-0.18518584511421038
2005-08-01;591.7;30.774193548387096;21.225806451612904;26.0;0;133.2976526264755;458.40234737352455;-0.05060132281371994;-0.4425836646696102;0.10821204294514204;-0.1407357254163423
2005-09-01;248.7;31.116666666666667;21.433333333333334;26.275;0;132.67103622293976;116.02896377706023;-0.011047689616327691;-1.6335680126530177;0.09594580765226916;-1.0743307156967528
2005-10-01;43.0;30.032258064516128;19.967741935483872;25.0;0;120.05120182890285;-77.05120182890285;-0.32152999311368846;-1.918936125222378;-0.16041518418687922;-1.1111205334626908
2005-11-01;0.0;29.083333333333332;15.216666666666667;22.15;0;84.10952340556402;-84.10952340556402;-2.08608287399449;-1.8575542975098251;-1.4403746252510798;-1.2190261833783902
2005-12-01;0.5;25.725806451612904;12.306451612903226;19.016129032258064;0;57.84733572664196;-57.34733572664196;-1.3905184998404634;-1.2962140319853344;-0.9312934730873699;-0.8734800232154791
2006-01-01;0.0;25.838709677419356;12.35483870967742;19.096774193548388;0;56.49532682040215;-56.49532682040215;-0.7760986719851438;-1.4718964763197555;-0.3036949088060233;-0.8796604577416961
2006-02-01;0.0;25.642857142857142;12.910714285714286;19.276785714285715;0;52.37486836261027;-52.37486836261027;-0.9394723330726031;-1.7609949187484648;-0.34541123627357456;-1.2381872738867385
2006-03-01;0.0;26.048387096774192;13.241935483870968;19.64516129032258;0;61.115876373046824;-61.115876373046824;-1.1107716166367854;-1.5868583525661675;-0.20338001256800997;-1.1479716157272395
2006-04-01;0.0;27.65;15.1;21.375;0;74.76222263531388;-74.76222263531388;-0.8416212335729142;0.003584604054141529;-0.06790975186270028;-1.1263065133111745
2006-05-01;5.0;29.693548387096776;18.032258064516128;23.862903225806452;0;104.88127577364375;-99.88127577364375;-0.03547263137342908;-1.747747900495132;-0.10391028172692546;-1.2483282985161293
2006-06-01;347.6;30.783333333333335;21.2;25.991666666666667;0;128.67800455830906;218.92199544169097;0.7685024372772876;-0.35992567958679555;0.7397774479706613;0.2019271302224651
2006-07-01;486.0;30.612903225806452;21.129032258064516;25.870967741935484;0;131.25979590407653;354.74020409592345;1.2295080414552202;-0.1803782758033729;1.2125786579891566;0.3054002421440511
2006-08-01;200.8;31.532258064516128;21.274193548387096;26.403225806451612;0;138.89608284755604;61.90391715244397;-0.10722431402782555;-1.6115301783996259;-0.10581750555867953;-1.2202409382069965
2006-09-01;403.6;30.333333333333332;20.866666666666667;25.6;0;123.36560937614709;280.23439062385296;-0.4205497875592721;-0.9118500189474112;-0.3486871989892023;-0.5552215855455712
2006-10-01;109.5;30.822580645161292;20.35483870967742;25.588709677419356;0;127.32174614161802;-17.82174614161802;-1.043413410391478;-0.7733727663225503;-0.9946793174718035;-0.38240565113105773
2006-11-01;11.5;29.583333333333332;18.15;23.866666666666667;0;101.54246311424515;-90.04246311424515;-0.11619862379530911;-0.9325185353993185;-0.1572326279004992;-0.3650115084821049
2006-12-01;13.0;27.370967741935484;14.661290322580646;21.016129032258064;0;73.70623832261741;-60.70623832261741;-0.49135017575657713;-0.6624480761966569;-0.46137086893285834;-0.34287176332748376
2007-01-01;31.8;25.241935483870968;14.306451612903226;19.774193548387096;0;63.45765946373388;-31.657659463733882;0.4166225966744425;-0.5995956395373;-0.02157770842050536;-0.14671810677528563
2007-02-01;1.8;26.642857142857142;13.125;19.88392857142857;0;58.18252692566017;-56.38252692566017;0.48328680058974044;-0.658582612883137;-0.008642457299673922;-0.22284475712632557
2007-03-01;0.0;27.096774193548388;13.274193548387096;20.185483870967744;0;67.09784154750756;-67.09784154750756;0.1920831851249646;-0.5426542181118796;0.06109162826452952;-0.3377771780560366
2007-04-01;0.0;27.816666666666666;15.15;21.483333333333334;0;76.87684748648209;-76.87684748648209;0.1117274006007182;0.027399100657142256;-0.36606412387478415;-0.32762447762932373
2007-05-01;0.0;28.43548387096774;16.338709677419356;22.387096774193548;0;88.82323268504555;-88.82323268504555;-1.1107716166367854;-0.6580908575918816;-0.03443993247465425;-0.28752623756123064
2007-06-01;210.04;30.083333333333332;21.4;25.741666666666667;0;125.4847044256297;84.55529557437029;-0.0579824983433854;-1.0003756517283595;-0.10300943199083601;-0.6571575114080109
2007-07-01;318.81;30.29032258064516;21.20967741935484;25.75;0;129.78129905734207;189.02870094265793;-0.7822070179974678;-1.7366714682011333;-0.5250439496105652;-1.5480458998452706
2007-08-01;697.73;30.532258064516128;21.35483870967742;25.943548387096776;0;132.4414691053366;565.2885308946634;0.7302912422572221;0.06498465020814317;0.8422795244276114;0.32477724055842516
2007-09-01;438.87;30.15;21.233333333333334;25.691666666666666;0;124.82537650832782;314.04462349167216;0.6135775865620409;0.30001422319356824;0.7595686240986725;0.4574465498268858
2007-10-01;176.8;30.06451612903226;19.870967741935484;24.967741935483872;0;119.37394110530916;57.426058894690854;1.0993593642356427;0.5075198239746634;1.203535280145584;0.7756249275824078
2007-11-01;1.2;28.983333333333334;16.883333333333333;22.933333333333334;0;91.76004433367766;-90.56004433367765;0.28547922119618774;0.44113141653702775;0.38382341544109766;0.8367976550011714
2007-12-01;0.5;25.322580645161292;13.709677419354838;19.516129032258064;0;61.23866907526667;-60.73866907526667;-0.0798230055442077;0.35681692732364506;0.2495829420234911;0.8021661776413276
2008-01-01;0.0;24.693548387096776;11.048387096774194;17.870967741935484;0;50.07517447678783;-50.07517447678783;-0.6082849060371187;0.33428749057333773;-0.3745041188800023;0.8052765190234468
2008-02-01;0.0;25.379310344827587;11.551724137931034;18.46551724137931;0;51.02708654161611;-51.02708654161611;-0.9394723330726031;0.3269464865154902;-0.25530778673910004;0.8558659600585451
2008-03-01;2.5;26.35483870967742;10.241935483870968;18.298387096774192;0;53.26549229884804;-50.76549229884804;-0.6944664039884971;0.36367574309024764;0.11363323429297804;0.8830817668360121
2008-04-01;0.0;28.116666666666667;12.916666666666666;20.516666666666666;0;69.51270360272792;-69.51270360272792;0.18761194489268224;0.048376230338955085;0.295124453176288;0.8852367558344272
2008-05-01;2.8;29.193548387096776;17.032258064516128;23.112903225806452;0;98.06859882738907;-95.26859882738907;-0.01598415614600696;0.33614865817688044;0.3532697908565552;0.865312826898346
2008-06-01;218.6;29.116666666666667;20.4;24.758333333333333;0;113.58911764241229;105.0108823575877;0.020841418215118812;0.4233659477013908;0.05398274496967636;0.8630195286758278
2008-07-01;491.8;30.5;20.274193548387096;25.387096774193548;0;125.32531786803793;366.4746821319621;0.42695078942984627;0.919848833453949;0.7295744430448039;1.2750663233338533
2008-08-01;640.4;31.112903225806452;20.470967741935485;25.79193548387097;0;130.61516639195722;509.78483360804273;1.2578579045277705;0.6632394031842807;1.4224599020304272;1.1758714360288396
2008-09-01;511.0;30.416666666666668;20.566666666666666;25.491666666666667;0;122.59235295329819;388.4076470467018;1.091429532641022;0.79447306352345;1.2117036634141805;1.1602295151467827
2008-10-01;104.5;30.741935483870968;19.983870967741936;25.362903225806452;0;125.01345868542232;-20.51345868542232;0.9324819958074725;0.7022317511080833;1.0718662838057071;1.1283857240103434
2008-11-01;21.5;29.683333333333334;16.266666666666666;22.975;0;93.43249827795793;-71.93249827795793;0.363734089333795;0.8016526247354221;0.4516019341233027;1.1802907145711663
2008-12-01;0.0;28.080645161290324;13.306451612903226;20.693548387096776;0;73.45932498759122;-73.45932498759122;-0.5673112686441661;0.7387549633704199;-0.4358195087589469;1.1739601134498578
2009-01-01;0.0;27.822580645161292;13.209677419354838;20.516129032258064;0;68.0919100645218;-68.0919100645218;0.01708674738442418;0.897262820365355;-0.657467139971446;1.1039965696817522
2009-02-01;2.0;27.357142857142858;12.446428571428571;19.901785714285715;0;56.440126851976885;-54.440126851976885;-0.6625724060172055;0.9568161973412405;-1.0831735740715678;1.1552530137983137
2009-03-01;2.4;28.129032258064516;14.693548387096774;21.411290322580644;0;76.82420326093758;-74.42420326093757;-0.5682204160874554;0.9281861174426794;-0.8239975646613801;1.1530116390646385
2009-04-01;0.0;28.033333333333335;14.466666666666667;21.25;0;72.77454742229058;-72.77454742229058;0.335081975707716;0.061586741055283785;-0.39960420812005376;1.1169929350655798
2009-05-01;15.5;29.774193548387096;18.548387096774192;24.161290322580644;0;108.08455145447466;-92.58455145447466;0.48569643084760267;0.9717823626929813;-0.19936905504742483;1.1229620143155419
2009-06-01;514.6;30.233333333333334;20.216666666666665;25.225;0;118.1375743153741;396.46242568462594;1.5179736330248865;1.6009622711168308;1.6310861125228535;1.3689036996297563
2009-07-01;333.7;31.93548387096774;20.612903225806452;26.274193548387096;0;136.97199199388723;196.72800800611276;1.3889267365253557;1.3219290973253561;1.3278769022095354;1.3234014736543036
2009-08-01;283.40000000000003;32.46774193548387;21.193548387096776;26.830645161290324;0;145.32727233789913;138.0727276621009;0.3201460685601533;0.03325352255130496;0.35124409683248925;0.18645903007790396
2009-09-01;236.3;31.783333333333335;20.95;26.366666666666667;0;133.87587264299842;102.4241273570016;-1.192149148217823;-0.7781961603384037;-1.2278160350450071;-0.7286069431714783
2009-10-01;194.51000000000002;30.20967741935484;20.129032258064516;25.16935483870968;0;121.31618376989078;73.19381623010923;-1.041961595404169;-0.5242022878557675;-1.0511372305756814;-0.43819982738728935
2009-11-01;41.5;29.333333333333332;16.35;22.84166666666667;0;89.24971345856345;-47.74971345856345;-0.38716553389559955;-0.6453206354570717;-0.40313467176569723;-0.2767174385352988
2009-12-01;43.7;26.532258064516128;14.016129032258064;20.274193548387096;0;65.84759158514105;-22.147591585141043;0.7949198404352337;-0.3510900234130491;1.069944820031985;-0.06085615776723562
2010-01-01;23.8;27.112903225806452;13.596774193548388;20.35483870967742;0;69.2666583388449;-45.46665833884491;0.7785245081258892;-0.26983209482719767;0.7480780544550196;0.14539875152247173
2010-02-01;142.9;25.964285714285715;13.285714285714286;19.625;0;56.743396413844465;86.15660358615554;1.600527919803158;0.2781671977537273;1.5476050127508372;0.6208237214187111
2010-03-01;0.5;27.403225806451612;14.03225806451613;20.717741935483872;0;72.61845246669168;-72.11845246669168;1.369573834516229;0.3024316500386768;1.2567956727911125;0.5633859049969291
2010-04-01;9.6;27.966666666666665;15.383333333333333;21.674999999999997;0;79.29809468601697;-69.69809468601697;2.33454675729104;0.047803489289646936;1.6800727395896478;0.5666901537922777
2010-05-01;0.2;29.580645161290324;16.35483870967742;22.967741935483872;0;95.67101686028911;-95.47101686028911;0.23316131338108517;0.23694625405236974;-0.14002737931824433;0.5531215462511241
2010-06-01;61.2;30.066666666666666;20.583333333333332;25.325;0;120.22738786818277;-59.02738786818277;-1.5300785753110047;-1.4717092926091697;-1.2136004045320519;-1.424708011752707
2010-07-01;673.4;29.048387096774192;20.79032258064516;24.919354838709676;0;118.98482500936669;554.4151749906333;0.5663089644820013;-0.2219776996451338;0.8567895985133331;0.1580527337457361
2010-08-01;633.4;31.048387096774192;20.983870967741936;26.016129032258064;0;133.50952017192043;499.89047982807955;1.3300935278187231;0.9551639047135266;1.4748726254841702;1.2347165198700807
2010-09-01;678.0;30.9;20.6;25.75;0;125.69874120651527;552.3012587934847;1.889453624343929;1.6159443739121884;1.8148903169832602;1.8005832046900951
2010-10-01;21.599999999999998;31.693548387096776;17.983870967741936;24.838709677419356;0;117.95792748748842;-96.35792748748842;1.1549978802605656;1.4914862517692864;1.243572061327145;1.68093278713107
2010-11-01;0.0;28.15;13.3;20.725;0;70.34177594191455;-70.34177594191455;0.5909796032975101;1.7046598040939613;0.818856986222121;1.576402776391573
2010-12-01;0.0;27.048387096774192;12.016129032258064;19.532258064516128;0;62.03229965733404;-62.03229965733404;-1.6226743208119518;1.5522953087754205;-1.0244578681608232;1.6334697456026743
2011-01-01;0.0;27.129032258064516;12.919354838709678;20.024193548387096;0;57.93413905883919;-57.93413905883919;-1.089661981946107;1.7426010987480494;-0.1575168927159569;1.4532475593392007
2011-02-01;0.0;27.357142857142858;12.785714285714286;20.071428571428573;0;52.717341728267584;-52.717341728267584;-1.4835398594012967;1.299106204292404;-0.4862465761837736;1.3340914468798832
2011-03-01;0.0;27.967741935483872;16.225806451612904;22.096774193548388;0;79.00341544541602;-79.00341544541602;-1.1107716166367854;1.239253541175711;-0.634200058792456;1.4291843030089497
2011-04-01;0.0;31.0;16.05;23.525;0;93.12602838569404;-93.12602838569404;-0.8416212335729142;0.06806028241869248;-1.073558729274373;1.343439605722288
2011-05-01;0.1;32.935483870967744;17.580645161290324;25.258064516129032;0;120.3744777300703;-120.2744777300703;-0.8083437115801684;1.210302055150301;-1.4725716726790208;1.2918498452587037
2011-06-01;149.3;32.733333333333334;20.983333333333334;26.858333333333334;0;141.3566997880558;7.943300211944205;-0.5455183919769722;1.2436006425455268;-1.0672057754641966;1.196223265485873
2011-07-01;557.01;32.016129032258064;23.067741935483873;27.54193548387097;0;158.1006395822671;398.9093604177329;0.38304536151708896;0.950144520829576;0.18775665909110734;1.0140673317586844
2011-08-01;694.71;32.806451612903224;23.225806451612904;28.016129032258064;0;166.83306815971065;527.8769318402894;1.468227859219477;1.086290782104084;1.242389015102637;1.0853055689432534
2011-09-01;270.12;32.93333333333333;23.416666666666668;28.174999999999997;0;164.35235996468097;105.76764003531903;0.7862388589188803;-0.10011885033066983;0.6669060007553723;-0.3544083963781475
2011-10-01;138.61;32.645161290322584;22.129032258064516;27.38709677419355;0;155.31824777782535;-16.708247777825335;0.46012685951579096;0.24171127558952388;0.3124765727152231;-0.06321087606942352
2011-11-01;0.0;31.55;18.183333333333334;24.866666666666667;0;110.90044423158173;-110.90044423158173;-0.7863172847957357;0.1413396910026178;-1.2958700771536171;-0.1586334830439189
2011-12-01;0.0;27.338709677419356;14.790322580645162;21.06451612903226;0;67.95319192720842;-67.95319192720842;-0.447861146406331;0.13054392175250826;-0.717971162818492;-0.18705640063800905
2012-01-01;0.0;29.06451612903226;14.435483870967742;21.75;0;72.31517102854336;-72.31517102854336;-1.089661981946107;0.19511979347833824;-2.2731776078893136;-0.14644005662979803
2012-02-01;23.2;27.70689655172414;15.517241379310345;21.612068965517242;0;66.23254813721468;-43.032548137214675;0.13554083529353092;0.2812694612842684;-0.7393258924044602;-0.1531741717681776
2012-03-01;0.0;29.20967741935484;15.241935483870968;22.225806451612904;0;77.71491420324256;-77.71491420324256;0.00814937268627928;0.31251564162384;-0.7204430267850908;-0.24119403560175506
2012-04-01;0.0;30.333333333333332;14.966666666666667;22.65;0;80.09158816263998;-80.09158816263998;0.9513443778772505;0.047184498927187714;-0.37862874955643455;-0.1661979297844276
2012-05-01;46.4;31.758064516129032;19.403225806451612;25.58064516129032;0;124.07259718561986;-77.67259718561985;1.056455315958021;0.45754684852528976;-0.09730544422516353;0.006795938996341707
2012-06-01;292.3;32.35;23.25;27.8;0;158.37168557334246;133.92831442665755;0.6997984411390241;0.8953645990340241;0.30662684249700334;0.5653017419678591
2012-07-01;476.21;33.04838709677419;22.758064516129032;27.903225806451612;0;165.68163113329388;310.5283688667061;1.0790817276914924;0.604452924269846;0.6770762079480412;0.1191339338423599
2012-08-01;727.3;32.903225806451616;22.822580645161292;27.862903225806456;0;164.88622928100014;562.4137707189998;1.8608904335105891;0.6654888794664762;1.5176369200501685;0.09458226525209641
2012-09-01;242.82;33.03333333333333;22.95;27.991666666666667;0;162.03445677353488;80.78554322646511;0.5896496957934991;0.57761668347699;0.4513612895489548;0.09127665523488838
2012-10-01;71.8;33.67741935483871;22.306451612903224;27.991935483870968;0;167.4409562702572;-95.6409562702572;0.25515357605038796;0.45040485698807914;0.04872255714881167;-0.1686187891008243
2012-11-01;3.7;32.63333333333333;20.3;26.46666666666667;0;134.47612364593195;-130.77612364593196;-1.6470751297261972;0.4182079061993915;-2.0797895328993232;-0.1838603363658993
2012-12-01;12.1;29.516129032258064;15.919354838709678;22.717741935483872;0;83.58787229655502;-71.48787229655503;-0.9410336014581654;0.41759424635454356;-1.6184760475057725;-0.19861181857251392
2013-01-01;51.9;28.161290322580644;15.064516129032258;21.612903225806452;0;71.66895782178416;-19.768957821784163;0.5091427800673567;0.725303040099872;-0.8955559519825418;0.12300967736217659
2013-02-01;0.0;27.875;15.107142857142858;21.49107142857143;0;63.546056659845526;-63.546056659845526;0.6698159688036411;0.6635536400809179;-0.11864694445370766;0.007138441692249606
2013-03-01;0.0;29.483870967741936;15.451612903225806;22.467741935483872;0;81.37535683424734;-81.37535683424734;0.4428252647251752;0.6609917764489668;-0.10384954300381433;-0.11239765523015553
2013-04-01;0.0;30.216666666666665;17.516666666666666;23.866666666666667;0;95.97276471647307;-95.97276471647307;-0.8416212335729142;0.05532004861040513;-1.6202490208430538;-0.16659668514654305
2013-05-01;0.0;31.274193548387096;18.983870967741936;25.129032258064516;0;117.40400487229164;-117.40400487229164;-1.1107716166367854;0.4526323734354248;-1.5276760102174198;-0.35473469842064564
2013-06-01;175.5;31.466666666666665;22.983333333333334;27.225;0;147.69516776830625;27.80483223169375;-0.3195378051372956;0.11884846717971116;-0.911165137708195;-0.5807113125844422
2013-07-01;493.8;31.870967741935484;22.70967741935484;27.29032258064516;0;153.8206607425666;339.9793392574334;0.14224992433168765;0.02325670856966471;-0.056336907036296055;-0.6517088188730856
2013-08-01;117.2;32.516129032258064;23.112903225806452;27.814516129032256;0;163.70827415050107;-46.508274150501066;-1.2291369414536288;-2.231425157429473;-1.4701016583417583;-2.428678463879482
2013-09-01;513.04;31.5;22.866666666666667;27.183333333333334;0;146.95630345692544;366.08369654307455;-0.3182739690889097;-1.1767745352804804;-0.4737409417806967;-1.8590856656963508
2013-10-01;126.8;32.70967741935484;22.741935483870968;27.725806451612904;0;162.00483035255033;-35.20483035255033;-0.8465936862509814;-1.1188446985011615;-1.2099071406587327;-2.093998138766787
2013-11-01;62.43000000000001;30.633333333333333;20.483333333333334;25.558333333333334;0;120.09683693800626;-57.666836938006256;0.6001923050702613;-0.9918496817139492;0.3484582684063035;-2.3440145152955907
2013-12-01;126.0;28.677419354838708;17.774193548387096;23.225806451612904;0;90.71554493213675;35.28445506786325;1.0844264445417557;-0.35430164033238376;0.5755160093532861;-0.9766892793695588
2014-01-01;2.3;28.225806451612904;15.403225806451612;21.814516129032256;0;72.72311390657238;-70.42311390657238;1.1636601785849283;-0.5663752279759925;0.9156917986162659;-1.6241377716913539
2014-02-01;0.0;29.517857142857142;15.642857142857142;22.580357142857142;0;73.72677562120957;-73.72677562120957;1.1612017888343575;-0.6310376321437068;0.5727574758459519;-2.0018433494382943
2014-03-01;0.0;29.161290322580644;16.741935483870968;22.951612903225808;0;86.2053329069581;-86.2053329069581;-0.7107565717089401;-0.5176231394627482;-2.0771999501360665;-1.5120582839288352
2014-04-01;0.0;30.35;17.516666666666666;23.933333333333334;0;95.9790933417062;-95.9790933417062;-0.8416212335729142;0.027974609762909775;-2.222194946467374;-1.487013036405215
2014-05-01;50.2;31.774193548387096;22.20967741935484;26.991935483870968;0;148.33267333081645;-98.13267333081644;1.1135329547644472;-0.404463840575527;-1.1850248621447999;-1.398406693227809
2014-06-01;512.1;32.03333333333333;24.116666666666667;28.075;0;163.75077805611062;348.3492219438894;1.6352302549949644;0.8449014327955129;1.310745357289508;0.3131023041816719
2014-07-01;201.70000000000002;33.064516129032256;22.74516129032258;27.90483870967742;0;165.8008459714476;35.89915402855243;0.7539529492977722;-0.21922477308284416;0.1847211205442212;-1.1331723211953535
2014-08-01;138.5;33.54838709677419;22.725806451612904;28.137096774193548;0;170.4650617172803;-31.965061717280292;-0.9265184905922507;-0.15972216850766285;-1.3528160977229535;-1.068542062360746
2014-09-01;457.9;31.483333333333334;22.766666666666666;27.125;0;145.93006179585552;311.96993820414446;-1.387117598925334;-0.1477852367215138;-1.632111383452892;-1.1942094911848842
2014-10-01;255.2;32.08064516129032;22.93548387096774;27.508064516129032;0;158.0409974930668;97.15900250693318;-0.4473303322659886;0.23072509239550226;-0.7224838691508911;-0.8269679659220337
2014-11-01;75.9;29.216666666666665;18.583333333333332;23.9;0;95.53240387013088;-19.632403870130872;0.8818745692253533;0.17963219457583093;0.8334594422222106;-0.6596663638076625
2014-12-01;3.1;27.951612903225808;17.161290322580644;22.556451612903224;0;81.33719112430875;-78.23719112430875;1.2357268202964686;-0.2512086699645266;1.0395974550960725;-1.0315039460872781
2015-01-01;13.6;28.274193548387096;16.661290322580644;22.467741935483872;0;78.39997662444301;-64.79997662444302;0.6809531236448844;-0.20336705308348738;0.264693500697732;-1.2448450230954644
2015-02-01;143.6;27.535714285714285;17.053571428571427;22.294642857142854;0;68.93819977920481;74.66180022079519;1.3481785540929505;0.359820914899827;0.9836726553151366;-0.3863503496540607
2015-03-01;132.10000000000002;28.274193548387096;16.93548387096774;22.604838709677416;0;80.07209735296428;52.027902647035745;1.982682658265117;0.886170835415107;1.6777943290380284;0.15760920234736156
2015-04-01;0.2;29.833333333333332;19.716666666666665;24.775;0;106.50078754760155;-106.30078754760154;3.0704229193739163;0.060617457576216054;2.124498552531116;0.1236265086538053
2015-05-01;80.1;31.919354838709676;20.93548387096774;26.427419354838708;0;137.67978358041145;-57.57978358041146;2.5754757819573153;0.9968823912130925;1.9492047332634266;0.2739429012527147
2015-06-01;277.7;32.05;23.633333333333333;27.841666666666665;0;159.65092777675707;118.04907222324292;0.7946895600578419;0.178356768950738;0.15378394578452587;-0.44461959682074487
2015-07-01;307.3;33.12903225806452;23.419354838709676;28.274193548387096;0;174.03531952338426;133.26468047661575;0.11490787142411876;0.4040322105463831;-0.45954892324259644;-0.2708217036691073
2015-08-01;203.9;33.32258064516129;23.43548387096774;28.379032258064512;0;176.28422278428715;27.615777215712853;-1.2180354778462308;0.5863123935004604;-1.6239249395782913;-0.19125371011859124
2015-09-01;450.3;33.13333333333333;22.833333333333332;27.983333333333334;0;162.48678975413915;287.8132102458609;-0.8283102986392004;0.5687763347256501;-1.1891547268673985;-0.1628357364200356
2015-10-01;220.81;32.54838709677419;22.85483870967742;27.701612903225808;0;162.11156176662092;58.69843823337908;-0.3543480639271829;0.5303551356174349;-0.7377295576241589;-0.3231891605344136
2015-11-01;53.9;31.35;20.8;26.075000000000003;0;127.17549907321047;-73.27549907321048;0.6772430409104373;0.4286681402594366;0.3485698058351223;-0.5485378149752071
2015-12-01;111.30000000000001;28.580645161290324;18.306451612903224;23.443548387096776;0;90.85918302000627;20.44081697999374;1.638014677923362;0.7443675925021328;1.0892248439724965;-0.0762521955066809
2016-01-01;1.2;28.306451612903224;14.82258064516129;21.564516129032256;0;69.34613037688288;-68.14613037688288;1.0617981394612552;0.8568547785598274;0.701286563855658;0.026310478625573317
2016-02-01;2.1;29.844827586206897;15.982758620689655;22.913793103448278;0;79.6703297246883;-77.5703297246883;1.0724426896568078;0.314210684226222;0.360084660453083;-0.8788181496207753
2016-03-01;145.4;28.467741935483872;16.629032258064516;22.548387096774192;0;80.65345117209114;64.74654882790887;1.2558533737419855;0.3932846303675461;0.9175181561766812;-0.7717450209215769
2016-04-01;0.0;29.783333333333335;18.033333333333335;23.908333333333335;0;95.16868388090337;-95.16868388090337;2.2953010317954323;0.04904857496223014;1.2194682501299614;-0.6902642882249167
2016-05-01;0.5;31.548387096774192;20.903225806451612;26.225806451612904;0;134.51503113571778;-134.01503113571778;2.1022714574794423;0.0329628282340546;1.2845616411020182;-1.0928099042857162
2016-06-01;373.62;31.95;22.746666666666666;27.348333333333333;0;150.02274910949066;223.59725089050934;0.871285993230648;0.46122939886876113;0.42879407994609436;-0.26800643469019286
2016-07-01;231.9;33.04838709677419;23.316129032258065;28.182258064516127;0;171.6184154317707;60.281584568229306;-0.2716602847519582;0.08085080433797577;-0.7819131634527;-0.8198638525170121
2016-08-01;452.9;32.82258064516129;22.806451612903224;27.814516129032256;0;164.1537673906146;288.7462326093854;-0.001068885917618545;0.8985173798169823;-0.40479926655322185;0.057646103079253615
2016-09-01;358.41;32.266666666666666;22.75;27.508333333333333;0;153.01518233429059;205.39481766570944;-0.5668096405189477;0.5895353808524594;-0.8303823441113198;-0.13006472682346518
2016-10-01;50.199999999999996;33.74193548387097;22.903225806451612;28.32258064516129;0;174.52875159810802;-124.32875159810803;-0.40771026243728015;0.15142082581779895;-0.7594792964022605;-0.941655498263787
2016-11-01;11.8;31.983333333333334;20.266666666666666;26.125;0;128.48948804331718;-116.68948804331718;-0.7052743578511769;-0.14005697352459073;-1.3812421111939626;-1.3682191231359218
2016-12-01;29.9;28.516129032258064;16.548387096774192;22.532258064516128;0;80.45828929998585;-50.55828929998585;-0.8984049522411597;-0.3841811986037924;-1.5668435667208296;-1.3065408910620393
2017-01-01;0.0;28.241935483870968;15.274193548387096;21.758064516129032;0;73.25351540541375;-73.25351540541375;0.2780719914982904;-0.4077086835368154;-1.5936595025217717;-1.9359887910790416
2017-02-01;31.009999999999998;28.053571428571427;14.589285714285714;21.32142857142857;0;61.914870680261146;-30.904870680261148;0.6393637558397485;-0.33988929047313793;-0.11703313520101291;-1.7004728325070615
2017-03-01;0.01;29.951612903225808;15.935483870967742;22.943548387096776;0;87.15199656170687;-87.14199656170686;0.15025922539474854;-0.8154452028387839;-0.6753540441060708;-2.189457550398697
2017-04-01;0.0;29.566666666666666;16.5;23.03333333333333;0;85.42625672138942;-85.42625672138942;1.1006416554029974;0.021141257696285897;-0.4482672901238072;-2.12250648730522
2017-05-01;0.7;29.629032258064516;20.548387096774192;25.088709677419352;0;116.78622811559276;-116.08622811559276;-0.5278894572753601;-0.9275190759607033;-1.3840625274551561;-2.034720911018951
2017-06-01;465.82;30.433333333333334;22.9;26.666666666666664;0;138.0059625230208;327.8140374769792;1.2720390684404492;-0.32923524486801414;1.179523700461432;-1.311312716594224
2017-07-01;343.11;33.016129032258064;22.80322580645161;27.909677419354836;0;165.5505692423576;177.55943075764242;1.0454803751048725;-0.10316087562115624;0.8005552809892132;-0.7350038507950378
2017-08-01;645.64;32.38709677419355;23.338709677419356;27.862903225806456;0;164.6437550436028;480.99624495639716;1.6907544862814787;0.5390836048682198;1.441633901509011;-0.12105630697821368
2017-09-01;468.9;31.583333333333332;22.959999999999997;27.271666666666665;0;148.5260182441799;320.37398175582007;0.6194681326894751;0.7976023875696607;0.5219969139477906;0.3393161877097345
2017-10-01;105.64;33.274193548387096;22.193548387096776;27.733870967741936;0;162.1600934957632;-56.52009349576319;0.8259058483574226;1.014657289719463;0.726203754438908;0.6366146371200208
2017-11-01;0.0;32.2;20.133333333333333;26.166666666666668;0;129.71171248719534;-129.71171248719534;0.11095090550989097;1.117127879832176;-0.3677471854392592;0.6765437320830989
2017-12-01;41.720000000000006;28.387096774193548;17.193548387096776;22.79032258064516;0;85.2604764449583;-43.540476444958294;-0.3658763304230464;1.0957217178640353;-1.0338656452783896;0.647717696159998
2018-01-01;1.53;27.758064516129032;14.387096774193548;21.07258064516129;0;64.93263031110682;-63.40263031110682;0.2941707287978793;1.3128845705530043;-1.4177675087699178;0.7444100749991924
2018-02-01;0.5;28.767857142857142;16.785714285714285;22.776785714285715;0;76.02762721018556;-75.52762721018556;0.44851690118067244;1.2812538799842408;-0.718484723030745;0.6544991201517341
2018-03-01;0.0;29.193548387096776;15.35483870967742;22.274193548387096;0;78.13333961495812;-78.13333961495812;-0.734120305745848;1.224789541719408;-1.4701950874897416;0.624749024654613
2018-04-01;0.0;30.65;16.383333333333333;23.516666666666666;0;90.62869892851018;-90.62869892851018;-0.13112399370584701;0.06857245946652366;-1.7467521703554525;0.5990086094952523
2018-05-01;6.22;32.483870967741936;21.516129032258064;27.0;0;148.48979473731546;-142.26979473731546;0.03937678800213898;1.255408748570349;-1.9029985863312677;0.5081931139995379
2018-06-01;177.93;32.516666666666666;23.533333333333335;28.025;0;162.7263366677051;15.203663332294894;-0.2505390793634645;0.21563953619320672;-1.162899989974357;-0.5326128179720224
2018-07-01;372.83000000000004;33.66129032258065;23.35483870967742;28.508064516129032;0;178.01933244580135;194.8106675541987;-0.5953547256130185;0.17413316794058703;-1.3868650913370453;-0.6657395266937605
2018-08-01;402.33;32.91935483870968;22.56451612903226;27.741935483870968;0;162.549313244639;239.780686755361;-0.46983080881280603;-0.7097522371392484;-0.9572153016180073;-1.513634677235627
2018-09-01;313.92;32.9;23.083333333333332;27.991666666666667;0;162.08132712628571;151.8386728737143;-0.4245960780256896;-1.281641981277735;-0.7214496240337662;-2.2191251137742394
2018-10-01;244.72;31.5;22.322580645161292;26.911290322580648;0;146.86793033282805;97.85206966717195;-0.029701375323117545;-0.728139426477641;-0.1947856052800227;-2.068271315409845
2018-11-01;167.31;30.55;18.533333333333335;24.541666666666668;0;104.4955701616929;62.814429838307106;0.6803754431397797;-0.1828180365597909;0.5240309746397473;-1.2070144487154169
2018-12-01;0.01;28.951612903225808;16.274193548387096;22.612903225806452;0;82.16925452851102;-82.15925452851101;1.8344590753255665;-0.2839047361386006;1.5847524080910138;-1.0702301620084114
2019-01-01;0.91;29.725806451612904;16.758064516129032;23.241935483870968;0;87.89099138779666;-86.98099138779666;1.0697596104713445;-0.2885899279320893;0.8188820193619977;-1.5716704772454355
2019-02-01;9.7;28.857142857142858;16.517857142857142;22.6875;0;72.97203909735639;-63.272039097356384;-0.17676008671573729;-0.2965315101391;-2.5546819938694734;-1.6900983028325105
2019-03-01;0.02;29.774193548387096;15.935483870967742;22.85483870967742;0;82.88869232619903;-82.86869232619904;-0.30663154633777656;-0.2134134540267394;-2.241537214996853;-1.360924870485448
2019-04-01;0.0;30.166666666666668;17.483333333333334;23.825000000000003;0;92.7358173818469;-92.7358173818469;0.5874913154925427;0.03498634342557195;-1.547131887813584;-1.3455212727439505
2019-05-01;4.7;30.419354838709676;19.016129032258064;24.717741935483872;0;108.9500623609585;-104.2500623609585;-0.05441033607265915;-0.2933986886488138;-1.1738983353891879;-1.158223593321805
2019-06-01;65.93;32.016666666666666;22.9;27.458333333333332;0;152.16425187315593;-86.23425187315593;-1.5369086059638897;-0.5205242934744511;-1.6682068612286614;-1.7946444474513161
2019-07-01;476.04;33.274193548387096;23.387096774193548;28.33064516129032;0;175.36439343574446;300.67560656425553;-0.663737999399599;-0.3141667209812662;-1.0751794573509796;-0.9926506295243835
2019-08-01;549.43;33.62903225806452;23.55806451612903;28.593548387096774;0;181.10805669891312;368.32194330108683;0.14398392813797586;0.185216457498517;-0.3571094949097458;-0.5708550481676286
2019-09-01;457.8;33.03333333333333;23.416666666666668;28.225;0;167.50973801908515;290.29026198091486;0.686497206177593;0.6449663857874094;0.46708297402325655;0.02767172554858757
2019-10-01;305.21000000000004;32.58064516129032;23.14516129032258;27.86290322580645;0;165.46866017584182;139.74133982415822;1.0966184177036042;0.8609772368533662;0.8745540682092222;0.22104841137947412
2019-11-01;20.009999999999998;32.7;21.55;27.125;0;145.81614056022087;-125.80614056022088;0.8634440325561595;0.4400820259985594;0.4880515709852962;-0.5329564949174117
2019-12-01;3.01;30.806451612903224;17.483870967741936;24.14516129032258;0;100.39550372426297;-97.38550372426296;1.188352033081644;0.4073965298802343;0.34522133404030436;-0.5189550973457522
2020-01-01;109.31;29.112903225806452;16.693548387096776;22.903225806451616;0;84.11236631352969;25.19763368647031;0.9026668429394504;0.9276854620303691;-0.3045391648493144;0.044361600429895606
2020-02-01;86.41;28.5;16.482758620689655;22.491379310344826;0;73.91355731253105;12.496442687468942;1.545218116885174;1.2989825341255186;1.0557996842520767;0.3207580745840972
2020-03-01;0.0;29.870967741935484;17.516129032258064;23.693548387096776;0;94.54978254202221;-94.54978254202221;1.531327155633361;1.2409483349675057;1.097294916850808;0.17548363255492083
2020-04-01;0.0;30.3;16.666666666666668;23.483333333333334;0;88.73095365149037;-88.73095365149037;1.7915280128912279;0.06895392321201393;0.30533585189623524;0.19716048895186852
2020-05-01;0.0;31.0;19.177419354838708;25.088709677419352;0;115.16930922398099;-115.16930922398099;-1.1107716166367854;1.2319093668494792;-1.6139427800314399;0.14769518820441838
2020-06-01;47.4;31.85;23.183333333333334;27.516666666666666;0;153.2571524623625;-105.8571524623625;-2.0762016812935395;0.9821065263320814;-1.8692038341240136;0.2625369420101153
2020-07-01;563.1999999999999;32.88709677419355;23.596774193548388;28.241935483870968;0;173.22823600857092;389.97176399142904;-0.2415610297112558;1.3086140298283262;-0.6411296335799206;0.3510815402044796
2020-08-01;517.5;32.83870967741935;23.596774193548388;28.217741935483872;0;172.71710358568112;344.7828964143189;0.30445757136023877;1.1163267724128836;-0.1377438569351615;0.1264679553088895
2020-09-01;697.31;32.983333333333334;23.766666666666666;28.375;0;170.37936777004433;526.9306322299556;1.4163545633209482;1.3660575100400352;1.2054977018313038;0.839851104110963
2020-10-01;67.91;33.62903225806452;23.048387096774192;28.338709677419356;0;175.2835090787453;-107.37350907874531;1.0110148242424692;1.036322912357476;0.781782820024703;0.2252332388892238
2020-11-01;0.0;32.3;19.45;25.875;0;123.96705870216206;-123.96705870216206;0.8077770574958572;1.121281330381923;0.4499500734906173;0.3270271151709763
2020-12-01;145.5;28.236842105263158;18.289473684210527;23.263157894736842;10;88.75843486588104;56.74156513411896;0.23089558518262274;1.520204291675859;-0.5190609258555194;0.7527206287321357
